Title,Date
"The Witcher: Season 1: The End’s Beginning","25/07/23"
"Extraction 2","25/07/23"
"Red Notice","25/07/23"
"Peaky Blinders: Season 1: Episode 1","25/07/23"
"Stranger Things: Stranger Things 4: Chapter Three: The Monster and the Superhero","24/07/23"
"Stranger Things: Stranger Things 4: Chapter Two: Vecna's Curse","24/07/23"
"Stranger Things: Stranger Things 4: Chapter One: The Hellfire Club","24/07/23"
"Stranger Things: Stranger Things 3: Chapter Eight: The Battle of Starcourt","24/07/23"
"Stranger Things: Stranger Things 3: Chapter Seven: The Bite","24/07/23"
"Stranger Things: Stranger Things 3: Chapter Six: E Pluribus Unum","24/07/23"
"Stranger Things: Stranger Things 3: Chapter Five: The Flayed","24/07/23"
"Stranger Things: Stranger Things 3: Chapter Four: The Sauna Test","24/07/23"
"Stranger Things: Stranger Things 3: Chapter Three: The Case of the Missing Lifeguard","24/07/23"
"Stranger Things: Stranger Things 3: Chapter Two: The Mall Rats","24/07/23"
"Stranger Things: Stranger Things 3: Chapter One: Suzie, Do You Copy?","24/07/23"
"Stranger Things: Chapter One: The Vanishing of Will Byers","24/07/23"
"Assassin's Creed","24/07/23"
"The Night Agent: The Call","24/07/23"
"Breaking Bad: Season 2: Negro y Azul","24/07/23"
"Breaking Bad: Season 2: Peekaboo","24/07/23"
"Ozark: Season 1: Sugarwood","24/07/23"
"1899: The Ship","24/07/23"
"Dark: Season 3: The Origin","24/07/23"
"Blackhat","23/07/23"
"Breaking Bad: Season 2: Breakage","23/07/23"
"Breaking Bad: Season 2: Down","23/07/23"
"Breaking Bad: Season 2: Bit by a Dead Bee","23/07/23"
"Breaking Bad: Season 2: Grilled","23/07/23"
"Breaking Bad: Season 2: Seven Thirty-Seven","23/07/23"
"Breaking Bad: Season 1: A No-Rough-Stuff-Type Deal","23/07/23"
"Breaking Bad: Season 1: Crazy Handful of Nothin'","23/07/23"
"Breaking Bad: Season 1: Gray Matter","23/07/23"
"Breaking Bad: Season 1: Cancer Man","23/07/23"
"Breaking Bad: Season 1: And the Bag's in the River","23/07/23"
"Breaking Bad: Season 1: The Cat's in the Bag","23/07/23"
"Breaking Bad: Season 1: Pilot","23/07/23"
"Stranger Things: Stranger Things 4: Chapter Nine: The Piggyback","23/07/23"
"Stranger Things: Stranger Things 4: Chapter Eight: Papa","23/07/23"
"Stranger Things: Stranger Things 4: Chapter Seven: The Massacre at Hawkins Lab","23/07/23"
"Stranger Things: Stranger Things 4: Chapter Six: The Dive","23/07/23"
"Stranger Things: Stranger Things 4: Chapter Five: The Nina Project","23/07/23"
"Stranger Things: Stranger Things 4: Chapter Four: Dear Billy","23/07/23"
"Stranger Things: Stranger Things 2: Chapter Nine: The Gate","23/07/23"
"Stranger Things: Stranger Things 2: Chapter Eight: The Mind Flayer","23/07/23"
"Stranger Things: Stranger Things 2: Chapter Seven: The Lost Sister","23/07/23"
"Stranger Things: Stranger Things 2: Chapter Six: The Spy","23/07/23"
"Stranger Things: Stranger Things 2: Chapter Five: Dig Dug","23/07/23"
"Stranger Things: Stranger Things 2: Chapter Four: Will the Wise","23/07/23"
"Stranger Things: Stranger Things 2: Chapter Three: The Pollywog","23/07/23"
"Stranger Things: Stranger Things 2: Chapter Two: Trick or Treat, Freak","23/07/23"
"Stranger Things: Stranger Things 2: Chapter One: MADMAX","23/07/23"
"Stranger Things: Chapter Eight: The Upside Down","23/07/23"
"Stranger Things: Chapter Seven: The Bathtub","23/07/23"
"Stranger Things: Chapter Six: The Monster","23/07/23"
"Stranger Things: Chapter Five: The Flea and the Acrobat","23/07/23"
"Stranger Things: Chapter Four: The Body","23/07/23"
"Stranger Things: Chapter Three: Holly, Jolly","22/07/23"
"Stranger Things: Chapter Two: The Weirdo on Maple Street","22/07/23"
"Ambulance","22/07/23"
"Behind Her Eyes: Limited Series: Chance Encounters","22/07/23"
"Alice in Borderland: Season 1: Episode 1","22/07/23"
"Archive 81: Mystery Signals","22/07/23"
"The Devil Punisher: Episode 1","22/07/23"
"Wednesday: Season 1: A Murder of Woes","22/07/23"
"Wednesday: Season 1: If You Don't Woe Me by Now","22/07/23"
"Wednesday: Season 1: Quid Pro Woe","22/07/23"
"Wednesday: Season 1: You Reap What You Woe","22/07/23"
"Wednesday: Season 1: Woe What a Night","22/07/23"
"Wednesday: Season 1: Friend or Woe","22/07/23"
"Wednesday: Season 1: Woe Is the Loneliest Number","22/07/23"
"Wednesday: Season 1: Wednesday's Child Is Full of Woe","22/07/23"
"Lust Stories 2","22/07/23"
"Fifty Shades of Grey","22/07/23"
"The Pope's Exorcist","22/07/23"
"The Mother","21/07/23"
"Extraction","21/07/23"
"Wazir","06/03/23"
"Snowpiercer: Season 1: First, the Weather Changed","02/03/23"
"The Social Network","24/02/23"
"Spectral","24/02/23"
"Khakee: The Bihar Chapter: PHACE TO PHACE !","23/02/23"
"Khakee: The Bihar Chapter: MEETA JI KI LOVE STORY PART 2","23/02/23"
"Khakee: The Bihar Chapter: MEETA JI KI LOVE STORY !!!","23/02/23"
"Khakee: The Bihar Chapter: MOOH DIKHAI !!!","23/02/23"
"Khakee: The Bihar Chapter: AMIT KAUN ???","22/02/23"
"Khakee: The Bihar Chapter: CHANDANWA KA JANM !","22/02/23"
"Khakee: The Bihar Chapter: PATRA PARICHAY !","22/02/23"
"The Usual Suspects","22/02/23"
"Dil Chahta Hai","21/02/23"
"Spider-Man: No Way Home (Extended Version)","19/02/23"
"Vadh","17/02/23"
"Trial by Fire: Trial by Fire","17/02/23"
"Narcos: Season 1: Descenso","15/02/23"
"Madras Café","15/02/23"
"Thunivu (Hindi)","15/02/23"
"The Takeover","08/02/23"
"The Little Things","06/02/23"
"The Gray Man","05/02/23"
"Wild Wild Country: Season 1: Part 1","05/02/23"
"Fauda: Season 4: Episode 12","04/02/23"
"Fauda: Season 4: Episode 11","04/02/23"
"Fauda: Season 4: Episode 10","04/02/23"
"Fauda: Season 4: Episode 9","04/02/23"
"Fauda: Season 4: Episode 8","04/02/23"
"Fauda: Season 4: Episode 7","04/02/23"
"Fauda: Season 4: Episode 6","04/02/23"
"Fauda: Season 4: Episode 5","04/02/23"
"Fauda: Season 4: Episode 4","04/02/23"
"Fauda: Season 4: Episode 3","04/02/23"
"Fauda: Season 4: Episode 2","04/02/23"
"Fauda: Season 4: Episode 1","04/02/23"
"Fauda: Season 3: Episode 12","04/02/23"
"Fauda: Season 3: Episode 11","04/02/23"
"Fauda: Season 3: Episode 10","04/02/23"
"Fauda: Season 3: Episode 9","04/02/23"
"Fauda: Season 3: Episode 8","04/02/23"
"Fauda: Season 3: Episode 7","04/02/23"
"Fauda: Season 3: Episode 6","04/02/23"
"Fauda: Season 3: Episode 5","02/02/23"
"Fauda: Season 3: Episode 4","02/02/23"
"Fauda: Season 3: Episode 3","02/02/23"
"Fauda: Season 3: Episode 2","02/02/23"
"Fauda: Season 3: Episode 1","02/02/23"
"Enola Holmes","01/02/23"
"The Billion Dollar Code: Limited Series: Episode 1","01/02/23"
"Kaleidoscope: Limited Series: Green (7 Years Before the Heist)","01/02/23"
"The Playlist: Limited Series: The Coder","01/02/23"
"Fauda: Season 2: Episode 12","01/02/23"
"Fauda: Season 2: Episode 11","01/02/23"
"Fauda: Season 2: Episode 10","01/02/23"
"Fauda: Season 2: Episode 9","01/02/23"
"Fauda: Season 2: Episode 8","01/02/23"
"Fauda: Season 2: Episode 7","31/01/23"
"Fauda: Season 2: Episode 6","31/01/23"
"Fauda: Season 2: Episode 5","31/01/23"
"Fauda: Season 2: Episode 4","31/01/23"
"Fauda: Season 2: Episode 3","31/01/23"
"Fauda: Season 2: Episode 2","31/01/23"
"Fauda: Season 2: Episode 1","31/01/23"
"Trust No One: The Hunt for the Crypto King","31/01/23"
"Fauda: Season 1: Episode 12","29/01/23"
"Fauda: Season 1: Episode 11","29/01/23"
"Fauda: Season 1: Episode 10","29/01/23"
"Fauda: Season 1: Episode 9","29/01/23"
"The Playlist: Limited Series: The Law","28/01/23"
"The Playlist: Limited Series: The Industry","28/01/23"
"The Playlist: Limited Series: The Vision","28/01/23"
"Fauda: Season 1: Episode 8","28/01/23"
"Fauda: Season 1: Episode 7","28/01/23"
"Fauda: Season 1: Episode 6","28/01/23"
"Interceptor","26/01/23"
"Elisa & Marcela","24/01/23"
"Fauda: Season 1: Episode 5","23/01/23"
"Fauda: Season 1: Episode 4","22/01/23"
"Fauda: Season 1: Episode 3","22/01/23"
"Fauda: Season 1: Episode 2","22/01/23"
"Fauda: Season 1: Episode 1","22/01/23"
"The Accountant","11/01/23"
"Van Helsing","10/01/23"
"Game","10/01/23"
"Article 15","08/01/23"
"Black Crab","08/01/23"
"The Pale Blue Eye","07/01/23"
"Kaleidoscope: Limited Series: Black","06/01/23"
"The Adam Project","06/01/23"
"Enola Holmes 2","04/01/23"
"12 Strong","02/01/23"
"The Core","29/12/22"
"Alice in Borderland: Season 1: Episode 2","29/12/22"
"Constantine","28/12/22"
"Now You See Me 2","28/12/22"
"Battle: Los Angeles","28/12/22"
"The Order: Season 1: Hell Week: Part 2","28/12/22"
"Badla","24/12/22"
"High Water: Episode 2","23/12/22"
"High Water: Episode 1","22/12/22"
"Kantara (Hindi)","22/12/22"
"HIT: The First Case","22/12/22"
"The Order: Season 1: Hell Week: Part 1","21/12/22"
"Romeo Akbar Walter","21/12/22"
"RRR (Hindi)","19/12/22"
"Money Heist: Part 1: Episode 1","19/12/22"
"Andhadhun","19/12/22"
"The Recruit: Season 1: I.N.A.S.I.A.L.","18/12/22"
"Riverdale: Season 1: Chapter One: The River's Edge","17/12/22"
"Devil in Ohio: Limited Series: Broken Fall","17/12/22"
"2 Guns","17/12/22"
"Jack Reacher: Never Go Back","17/12/22"
"Shadow and Bone: Season 1: A Searing Burst of Light","15/12/22"
"Troll","14/12/22"
"Tenet","14/12/22"
"Stree","13/12/22"
"Seven Seconds: Limited Series: Pilot","12/12/22"
"Bullet Train","12/12/22"
"6 Days","10/12/22"
"Takers","10/12/22"
"The Call","08/12/22"
"iZombie: Season 1: Pilot","08/12/22"
"Daybreak: Josh vs. the Apocalypse: Part 1","08/12/22"
"iZombie: Season 2: Reflections of the Way Liv Used to Be","08/12/22"
"The Last Stand","08/12/22"
"Black: Episode 1","08/12/22"
"Uncharted","26/11/22"
"The Old Guard","26/11/22"
"1899: The Key","19/11/22"
"1899: The Storm","19/11/22"
"1899: The Pyramid","19/11/22"
"1899: The Calling","19/11/22"
"1899: The Fight","19/11/22"
"1899: The Fog","19/11/22"
"1899: The Boy","19/11/22"
"Lost Bullet 2","13/11/22"
"Manifest: Season 4: Inversion Illusion","04/11/22"
"Manifest: Season 4: Rendezvous","04/11/22"
"Manifest: Season 4: Full Upright and Locked Position","04/11/22"
"Manifest: Season 4: Romeo","04/11/22"
"Manifest: Season 4: Relative Bearing","04/11/22"
"Manifest: Season 4: Squawk","04/11/22"
"Manifest: Season 4: Go-Around","04/11/22"
"Manifest: Season 4: High Flight","04/11/22"
"Manifest: Season 4: All-Call","04/11/22"
"Manifest: Season 4: Touch-and-Go","04/11/22"
"Gotham: Pilot","29/10/22"
"Gotham: Selina Kyle","29/10/22"
"American Assassin","28/10/22"
"Rise of the Legend","28/10/22"
"All Quiet on the Western Front","28/10/22"
"The Walking Dead: Season 1: Days Gone Bye","26/10/22"
"The Walking Dead: Season 11: Acheron: Part I","26/10/22"
"Black Summer: Season 1: Human Flow","26/10/22"
"Arrow: Season 4: Beacon of Hope","26/10/22"
"Dark: Season 3: Adam and Eva","24/10/22"
"Lucifer: Season 6: A Lot Dirtier Than That","24/10/22"
"Lucifer: Season 6: The Murder of Lucifer Morningstar","24/10/22"
"Lucifer: Season 6: Pin the Tail on the Daddy","24/10/22"
"Lucifer: Season 6: Yabba Dabba Do Me","24/10/22"
"Lucifer: Season 6: Buckets of Baggage","24/10/22"
"Lucifer: Season 6: Nothing Ever Changes Around Here","24/10/22"
"Lucifer: Season 5: A Chance at a Happy Ending","24/10/22"
"Lucifer: Season 5: Is This Really How It's Going to End?!","24/10/22"
"Lucifer: Season 5: Nothing Lasts Forever","24/10/22"
"Lucifer: Season 5: A Little Harmless Stalking","24/10/22"
"Lucifer: Season 5: Daniel Espinoza: Naked and Afraid","24/10/22"
"Lucifer: Season 5: Resting Devil Face","24/10/22"
"Lucifer: Season 5: Bloody Celestial Karaoke Jam","24/10/22"
"Lucifer: Season 5: Family Dinner","24/10/22"
"Lucifer: Season 5: Spoiler Alert","24/10/22"
"Lucifer: Season 5: Our Mojo","24/10/22"
"Lucifer: Season 5: BlueBallz","24/10/22"
"Lucifer: Season 5: Detective Amenadiel","24/10/22"
"Lucifer: Season 5: It Never Ends Well for the Chicken","24/10/22"
"Lucifer: Season 5: ¡Diablo!","24/10/22"
"Lucifer: Season 5: Lucifer! Lucifer! Lucifer!","24/10/22"
"Lucifer: Season 5: Really Sad Devil Guy","24/10/22"
"Lucifer: Season 4: Who's da New King of Hell?","24/10/22"
"Lucifer: Season 4: Save Lucifer","24/10/22"
"Lucifer: Season 4: Super Bad Boyfriend","24/10/22"
"Lucifer: Season 4: Devil Is as Devil Does","24/10/22"
"Lucifer: Season 4: Orgy Pants to Work","24/10/22"
"Lucifer: Season 4: Expire Erect","24/10/22"
"Lucifer: Season 4: All About Eve","24/10/22"
"Lucifer: Season 4: O, Ye of Little Faith, Father","24/10/22"
"Lucifer: Season 4: Somebody’s Been Reading Dante’s Inferno","23/10/22"
"Lucifer: Season 4: Everything's Okay","23/10/22"
"Lucifer: Season 3: Once Upon a Time","23/10/22"
"Lucifer: Season 3: Boo Normal","23/10/22"
"Lucifer: Season 3: A Devil of My Word","23/10/22"
"Lucifer: Season 3: Quintessential Deckerstar","23/10/22"
"Lucifer: Season 3: All Hands on Decker","23/10/22"
"Lucifer: Season 3: Anything Pierce Can Do I Can Do Better","23/10/22"
"Lucifer: Season 3: The Angel of San Bernardino","23/10/22"
"Lucifer: Season 3: Orange Is the New Maze","23/10/22"
"Lucifer: Season 3: The Last Heartbreak","23/10/22"
"Lucifer: Season 3: Let Pinhead Sing!","23/10/22"
"Lucifer: Season 3: Infernal Guinea Pig","23/10/22"
"Lucifer: Season 3: High School Poppycock","23/10/22"
"Lucifer: Season 3: My Brother's Keeper","23/10/22"
"Lucifer: Season 3: 'Til Death Do Us Part","23/10/22"
"Lucifer: Season 3: All About Her","23/10/22"
"Lucifer: Season 3: City of Angels?","23/10/22"
"Lucifer: Season 3: The Sin Bin","23/10/22"
"Lucifer: Season 3: The Sinnerman","23/10/22"
"Lucifer: Season 3: Chloe Does Lucifer","23/10/22"
"Lucifer: Season 3: Off the Record","23/10/22"
"Lucifer: Season 3: Vegas with Some Radish","23/10/22"
"Lucifer: Season 3: Welcome Back, Charlotte Richards","23/10/22"
"Lucifer: Season 3: What Would Lucifer Do?","23/10/22"
"Lucifer: Season 3: Mr. and Mrs. Mazikeen Smith","23/10/22"
"Lucifer: Season 3: The One with the Baby Carrot","23/10/22"
"Lucifer: Season 3: They're Back, Aren't They?","23/10/22"
"Lucifer: Season 2: The Good, The Bad and The Crispy","22/10/22"
"Lucifer: Season 2: Sympathy for the Goddess","22/10/22"
"Lucifer: Season 2: God Johnson","22/10/22"
"Lucifer: Season 2: Deceptive Little Parasite","22/10/22"
"Lucifer: Season 2: Candy Morningstar","22/10/22"
"Lucifer: Season 2: A Good Day to Die","22/10/22"
"Lucifer: Season 2: Love Handles","22/10/22"
"Lucifer: Season 2: Stewardess Interruptus","22/10/22"
"Lucifer: Season 2: Quid Pro Ho","22/10/22"
"Lucifer: Season 2: Homewrecker","22/10/22"
"Lucifer: Season 2: Trip to Stabby Town","22/10/22"
"Lucifer: Season 2: My Little Monkey","22/10/22"
"Lucifer: Season 2: Monster","22/10/22"
"Lucifer: Season 2: The Weaponizer","22/10/22"
"Lucifer: Season 2: Lady Parts","21/10/22"
"Lucifer: Season 2: Sin-Eater","21/10/22"
"Lucifer: Season 2: Liar, Liar, Slutty Dress on Fire","21/10/22"
"Lucifer: Season 2: Everything's Coming Up Lucifer","20/10/22"
"Lucifer: Season 1: Take Me Back to Hell","20/10/22"
"Lucifer: Season 1: #TeamLucifer","20/10/22"
"Lucifer: Season 1: St. Lucifer","20/10/22"
"Lucifer: Season 1: Pops","20/10/22"
"Lucifer: Season 1: A Priest Walks into a Bar","20/10/22"
"Lucifer: Season 1: Et Tu, Doctor?","19/10/22"
"Lucifer: Season 1: Wingman","19/10/22"
"Lucifer: Season 1: Favorite Son","19/10/22"
"Lucifer: Season 1: Sweet Kicks","19/10/22"
"Lucifer: Season 1: Manly Whatnots","19/10/22"
"Lucifer: Season 1: The Would-Be Prince of Darkness","19/10/22"
"Lucifer: Season 1: Lucifer, Stay. Good Devil.","19/10/22"
"Lucifer: Season 1: Pilot","19/10/22"
"Arrow: Season 4: Broken Hearts","17/10/22"
"Arrow: Season 4: Taken","17/10/22"
"Arrow: Season 4: Code of Silence","17/10/22"
"The Equalizer 2","17/10/22"
"Baahubali 2: The Conclusion (Hindi Version)","16/10/22"
"The Spectacular Spider-Man: Survival of the Fittest","16/10/22"
"Blackout","16/10/22"
"Dark: Season 3: The Survivors","11/10/22"
"Dark: Season 3: Deja-vu","11/10/22"
"Dark: Season 2: Endings and Beginnings","11/10/22"
"Dark: Season 2: The White Devil","11/10/22"
"Dark: Season 2: An Endless Cycle","11/10/22"
"Dark: Season 2: Lost and Found","11/10/22"
"Dark: Season 2: The Travelers","11/10/22"
"Dark: Season 2: Ghosts","11/10/22"
"Dark: Season 2: Dark Matter","11/10/22"
"Dark: Season 2: Beginnings and Endings","11/10/22"
"Dark: Season 1: Alpha and Omega","11/10/22"
"Dark: Season 1: Everything Is Now","11/10/22"
"Dark: Season 1: As You Sow, So You Shall Reap","11/10/22"
"Dark: Season 1: Crossroads","11/10/22"
"Dark: Season 1: Sic Mundus Creatus Est","11/10/22"
"Dark: Season 1: Truths","10/10/22"
"Dark: Season 1: Double Lives","10/10/22"
"Dark: Season 1: Past and Present","10/10/22"
"Dark: Season 1: Lies","10/10/22"
"Dark: Season 1: Secrets","10/10/22"
"Ready Player One","09/10/22"
"Collateral: Limited Series: Episode 4","08/10/22"
"Collateral: Limited Series: Episode 3","08/10/22"
"Collateral: Limited Series: Episode 2","08/10/22"
"Collateral: Limited Series: Episode 1","08/10/22"
"The Witcher: Season 1: Four Marks","06/10/22"
"Aiyyaa","04/10/22"
"Final Destination","02/10/22"
"The Blacklist: Season 1: The Freelancer (No. 145)","30/09/22"
" ","30/09/22"
"Santo: Invisible","27/09/22"
"All of Us Are Dead: Season 1: Episode 1","27/09/22"
"The Stranger: Limited Series: Episode 1","27/09/22"
"Stranger: Season 1: Episode 1","27/09/22"
"Batman v Superman: Dawn of Justice","25/09/22"
"The Dark Knight","25/09/22"
"Batman Begins","25/09/22"
"Catch Me If You Can","25/09/22"
"White House Down","25/09/22"
"FullMetal Alchemist","24/09/22"
"The Blacklist: Season 1: Pilot","24/09/22"
"Cobra Kai: Season 1: Strike First","24/09/22"
"The Crown: Season 1: Wolferton Splash","24/09/22"
"Ek Villain Returns","24/09/22"
"Delhi Crime: Season 1: Episode 1","24/09/22"
"The Big Bang Theory: Season 1: Pilot","24/09/22"
"Friends: Season 1: The One Where Monica Gets a Roommate (Pilot)","24/09/22"
"The Incredible Hulk","20/09/22"
"Hulk","20/09/22"
"Man of Steel","09/09/22"
"Arrow: Season 4: Sins of the Father","08/09/22"
"Arrow: Season 4: Unchained","08/09/22"
"Arrow: Season 4: A.W.O.L.","08/09/22"
"Arrow: Season 4: Blood Debts","07/09/22"
"Arrow: Season 4: Dark Waters","07/09/22"
"Arrow: Season 4: Legends of Yesterday","07/09/22"
"Arrow: Season 4: Brotherhood","07/09/22"
"Arrow: Season 4: Lost Souls","07/09/22"
"Arrow: Season 4: Haunted","07/09/22"
"Arrow: Season 4: Beyond Redemption","07/09/22"
"Arrow: Season 4: Restoration","07/09/22"
"Arrow: Season 4: The Candidate","05/09/22"
"Arrow: Season 4: Green Arrow","05/09/22"
"Arrow: Season 3: My Name is Oliver Queen","05/09/22"
"Arrow: Season 3: This Is Your Sword","05/09/22"
"Arrow: Season 3: Al Sah-him","05/09/22"
"Arrow: Season 3: The Fallen","05/09/22"
"Arrow: Season 3: Broken Arrow","05/09/22"
"Arrow: Season 3: Public Enemy","05/09/22"
"Arrow: Season 3: Suicidal Tendencies","05/09/22"
"Arrow: Season 3: The Offer","05/09/22"
"Arrow: Season 3: Nanda Parbat","05/09/22"
"Arrow: Season 3: The Return","05/09/22"
"Arrow: Season 3: Canaries","05/09/22"
"Arrow: Season 3: Uprising","05/09/22"
"Arrow: Season 3: Midnight City","04/09/22"
"Arrow: Season 3: Left Behind","04/09/22"
"Arrow: Season 3: The Climb","04/09/22"
"Arrow: Season 3: The Brave and the Bold","04/09/22"
"Arrow: Season 3: Draw Back Your Bow","04/09/22"
"Arrow: Season 3: Guilty","04/09/22"
"Arrow: Season 3: The Secret Origin of Felicity Smoak","04/09/22"
"Arrow: Season 3: The Magician","04/09/22"
"Arrow: Season 3: Corto Maltese","04/09/22"
"Arrow: Season 3: Sara","04/09/22"
"Arrow: Season 3: The Calm","04/09/22"
"Arrow: Season 2: Unthinkable","04/09/22"
"Arrow: Season 2: Streets of Fire","04/09/22"
"Arrow: Season 2: City of Blood","04/09/22"
"Arrow: Season 2: Seeing Red","04/09/22"
"Arrow: Season 2: The Man Under the Hood","04/09/22"
"Arrow: Season 2: Deathstroke","04/09/22"
"Arrow: Season 2: Birds of Prey","04/09/22"
"Arrow: Season 2: Suicide Squad","04/09/22"
"Arrow: Season 2: The Promise","04/09/22"
"Arrow: Season 2: Time of Death","03/09/22"
"Arrow: Season 2: Heir to the Demon","03/09/22"
"Arrow: Season 2: Tremors","03/09/22"
"Arrow: Season 2: Blind Spot","03/09/22"
"Arrow: Season 2: Blast Radius","03/09/22"
"Arrow: Season 2: Three Ghosts","03/09/22"
"Arrow: Season 2: The Scientist","03/09/22"
"Arrow: Season 2: State v. Queen","03/09/22"
"Arrow: Season 2: Keep Your Enemies Closer","03/09/22"
"Arrow: Season 2: League of Assassins","03/09/22"
"Arrow: Season 2: Crucible","03/09/22"
"Arrow: Season 2: Broken Dolls","03/09/22"
"Arrow: Season 2: Identity","03/09/22"
"Arrow: Season 2: City of Heroes","03/09/22"
"Arrow: Season 1: Sacrifice","03/09/22"
"Arrow: Season 1: Darkness on the Edge of Town","03/09/22"
"Arrow: Season 1: The Undertaking","03/09/22"
"Arrow: Season 1: Home Invasion","03/09/22"
"Arrow: Season 1: Unfinished Business","03/09/22"
"Arrow: Season 1: Salvation","02/09/22"
"Arrow: Season 1: The Huntress Returns","02/09/22"
"Arrow: Season 1: Dead to Rights","02/09/22"
"Arrow: Season 1: Dodger","02/09/22"
"Arrow: Season 1: The Odyssey","02/09/22"
"Arrow: Season 1: Betrayal","02/09/22"
"Arrow: Season 1: Trust but Verify","02/09/22"
"Arrow: Season 1: Vertigo","02/09/22"
"Arrow: Season 1: Burned","02/09/22"
"Arrow: Season 1: Year's End","02/09/22"
"Arrow: Season 1: Vendetta","02/09/22"
"Arrow: Season 1: Muse of Fire","02/09/22"
"Arrow: Season 1: Legacies","02/09/22"
"Arrow: Season 1: Damaged","02/09/22"
"Arrow: Season 1: An Innocent Man","02/09/22"
"Arrow: Season 1: Lone Gunmen","02/09/22"
"Arrow: Season 1: Honor Thy Father","02/09/22"
"Arrow: Season 1: Pilot","02/09/22"
"Designated Survivor: Season 2: Original Sin","02/09/22"
"Designated Survivor: Season 2: The Final Frontier","02/09/22"
"Designated Survivor: Season 2: Three Letter Day","01/09/22"
"Designated Survivor: Season 2: Grief","01/09/22"
"Designated Survivor: Season 2: Line of Fire","01/09/22"
"Designated Survivor: Season 2: Home","01/09/22"
"Designated Survivor: Season 2: Family Ties","01/09/22"
"Designated Survivor: Season 2: Two Ships","01/09/22"
"Designated Survivor: Season 2: Suckers","01/09/22"
"Designated Survivor: Season 2: Equilibrium","01/09/22"
"Designated Survivor: Season 2: Outbreak","01/09/22"
"Designated Survivor: Season 2: Sting of the Tail","01/09/22"
"Designated Survivor: Season 2: One Year In","01/09/22"
"Designated Survivor: Season 1: Brace for Impact","31/08/22"
"Designated Survivor: Season 1: Bombshell","31/08/22"
"Designated Survivor: Season 1: Misalliance","31/08/22"
"Designated Survivor: Season 1: Lazarus","31/08/22"
"Designated Survivor: Season 1: The Ninth Seat","31/08/22"
"Designated Survivor: Season 1: Party Lines","31/08/22"
"Designated Survivor: Season 1: One Hundred Days","31/08/22"
"Designated Survivor: Season 1: Commander-in-Chief","31/08/22"
"Designated Survivor: Season 1: Backfire","31/08/22"
"Designated Survivor: Season 1: The End of the Beginning","31/08/22"
"Designated Survivor: Season 1: Warriors","31/08/22"
"Designated Survivor: Season 1: The Oath","31/08/22"
"Designated Survivor: Season 1: The Blueprint","31/08/22"
"Designated Survivor: Season 1: The Results","31/08/22"
"Designated Survivor: Season 1: The Traitor","31/08/22"
"Designated Survivor: Season 1: The Interrogation","31/08/22"
"Designated Survivor: Season 1: The Mission","31/08/22"
"Designated Survivor: Season 1: The Enemy","31/08/22"
"Designated Survivor: Season 1: The Confession","31/08/22"
"Designated Survivor: Season 1: The First Day","31/08/22"
"Designated Survivor: Season 1: Pilot","31/08/22"
"Geostorm","27/08/22"
"How It Ends","27/08/22"
"Now You See Me","27/08/22"
"Money Heist: Part 5: A Family Tradition","26/08/22"
"Money Heist: Part 5: Pillow Talk","26/08/22"
"Money Heist: Part 5: The Elegance Theory","26/08/22"
"Money Heist: Part 5: Wishful Thinking","26/08/22"
"Money Heist: Part 5: Escape Valve","26/08/22"
"Money Heist: Part 5: Live Many Lives","26/08/22"
"Money Heist: Part 5: Your Place in Heaven","26/08/22"
"Money Heist: Part 5: Welcome to the Spectacle of Life","26/08/22"
"Money Heist: Part 5: Do You Believe in Reincarnation?","26/08/22"
"Money Heist: Part 5: The End of the Road","26/08/22"
"Money Heist: Part 4: The Paris Plan","26/08/22"
"Money Heist: Part 4: Strike the Tent","26/08/22"
"Money Heist: Part 4: TKO","26/08/22"
"Money Heist: Part 4: 5 Minutes Earlier","26/08/22"
"Money Heist: Part 4: Pasodoble","26/08/22"
"Money Heist: Part 4: Anatomy Lesson","25/08/22"
"Money Heist: Part 4: Berlin's Wedding","25/08/22"
"Money Heist: Part 4: Game Over","25/08/22"
"Money Heist: Part 3: Astray","25/08/22"
"Money Heist: Part 3: A Quick Vacation","25/08/22"
"Money Heist: Part 3: Everything Seemed Insignificant","25/08/22"
"Money Heist: Part 3: Boom, Boom, Ciao","25/08/22"
"Money Heist: Part 3: It's Dolphin Time","25/08/22"
"Money Heist: Part 3: 48 Meters Underground","25/08/22"
"Money Heist: Part 3: Aikido","25/08/22"
"Money Heist: Part 3: We're Back","25/08/22"
"Money Heist: Part 2: Episode 9","25/08/22"
"Money Heist: Part 2: Episode 8","25/08/22"
"Money Heist: Part 2: Episode 7","25/08/22"
"Money Heist: Part 2: Episode 6","25/08/22"
"Money Heist: Part 2: Episode 5","25/08/22"
"Money Heist: Part 2: Episode 4","25/08/22"
"The Sandman: Sleep of the Just","23/08/22"
"Sooryavanshi","23/08/22"
"Money Heist: Part 2: Episode 3","23/08/22"
"Money Heist: Part 2: Episode 2","22/08/22"
"Money Heist: Part 2: Episode 1","22/08/22"
"Money Heist: Part 1: Episode 13","22/08/22"
"Money Heist: Part 1: Episode 12","22/08/22"
"Money Heist: Part 1: Episode 11","22/08/22"
"Money Heist: Part 1: Episode 10","22/08/22"
"Money Heist: Part 1: Episode 9","22/08/22"
"Money Heist: Part 1: Episode 8","22/08/22"
"Money Heist: Part 1: Episode 7","22/08/22"
"Money Heist: Part 1: Episode 6","22/08/22"
"Money Heist: Part 1: Episode 5","22/08/22"
"Money Heist: Part 1: Episode 4","22/08/22"
"Money Heist: Part 1: Episode 3","22/08/22"
"Money Heist: Part 1: Episode 2","22/08/22"
"Baahubali: The Beginning (Hindi Version)","22/08/22"
"Bhool Bhulaiyaa 2","15/08/22"
"Castle Rock: Season 2: Let the River Run","13/08/22"
"Manhunt: Unabomber: UNABOM","11/08/22"
"Resident Evil: Welcome to New Raccoon City","11/08/22"
"The 100: Pilot","11/08/22"
"MINDHUNTER: Season 1: Episode 1","11/08/22"
"The Haunting of Bly Manor: The Beast in the Jungle","09/08/22"
"The Haunting of Bly Manor: The Romance of Certain Old Clothes","09/08/22"
"The Haunting of Bly Manor: The Two Faces, Part Two","09/08/22"
"The Haunting of Bly Manor: The Jolly Corner","09/08/22"
"The Haunting of Bly Manor: The Altar of the Dead","09/08/22"
"The Haunting of Bly Manor: The Way It Came","09/08/22"
"The Haunting of Bly Manor: The Two Faces, Part One","09/08/22"
"The Haunting of Bly Manor: The Pupil","08/08/22"
"The Haunting of Bly Manor: The Great Good Place","08/08/22"
"The Haunting of Hill House: Silence Lay Steadily","07/08/22"
"The Haunting of Hill House: Screaming Meemies","07/08/22"
"The Haunting of Hill House: Witness Marks","07/08/22"
"The Haunting of Hill House: Eulogy","07/08/22"
"The Haunting of Hill House: Two Storms","07/08/22"
"The Haunting of Hill House: The Bent-Neck Lady","07/08/22"
"The Haunting of Hill House: The Twin Thing","07/08/22"
"The Haunting of Hill House: Touch","07/08/22"
"The Haunting of Hill House: Open Casket","07/08/22"
"The Haunting of Hill House: Steven Sees a Ghost","07/08/22"
"Bird Box","07/08/22"
"Wrath of Man","06/08/22"
"Locke & Key: Season 1: Welcome to Matheson","04/08/22"
"Central Intelligence","04/08/22"
"The Sinner: Season 4: Percy: Part I","03/08/22"
"Love, Death & Robots: Volume 1: THREE ROBOTS","03/08/22"
"Love, Death & Robots: Volume 3: Three Robots: Exit Strategies","03/08/22"
"Cracow Monsters: Episode 1","03/08/22"
"Suits: Season 1: Play the Man","03/08/22"
"Manifest: Season 3: Mayday: Part 2","01/08/22"
"Manifest: Season 3: Mayday: Part 1","01/08/22"
"Manifest: Season 3: Duty Free","01/08/22"
"Manifest: Season 3: Compass Calibration","01/08/22"
"Manifest: Season 3: Bogey","01/08/22"
"Manifest: Season 3: Destination Unknown","01/08/22"
"Manifest: Season 3: Precious Cargo","01/08/22"
"Manifest: Season 3: Graveyard Spiral","01/08/22"
"Manifest: Season 3: Water Landing","01/08/22"
"Manifest: Season 3: Tailspin","01/08/22"
"Manifest: Season 3: Wingman","01/08/22"
"Manifest: Season 3: Deadhead","31/07/22"
"Manifest: Season 3: Tailfin","31/07/22"
"Manifest: Season 2: Icing Conditions","31/07/22"
"Manifest: Season 2: Call Sign","31/07/22"
"Manifest: Season 2: Unaccompanied Minors","31/07/22"
"Manifest: Season 2: Course Deviation","31/07/22"
"Manifest: Season 2: Airplane Bottles","31/07/22"
"Manifest: Season 2: Carry On","31/07/22"
"Manifest: Season 2: Emergency Exit","31/07/22"
"Manifest: Season 2: Return Trip","31/07/22"
"Manifest: Season 2: Coordinated Flight","31/07/22"
"Manifest: Season 2: Black Box","31/07/22"
"Manifest: Season 2: False Horizon","31/07/22"
"Manifest: Season 2: Grounded","31/07/22"
"Manifest: Season 2: Fasten Your Seatbelts","31/07/22"
"Manifest: Season 1: Estimated Time of Departure","31/07/22"
"Manifest: Season 1: Hard Landing","31/07/22"
"Manifest: Season 1: Upgrade","31/07/22"
"Manifest: Season 1: Cleared for Approach","31/07/22"
"Manifest: Season 1: Vanishing Point","31/07/22"
"Manifest: Season 1: Contrails","31/07/22"
"Manifest: Season 1: Crosswinds","31/07/22"
"Manifest: Season 1: Dead Reckoning","31/07/22"
"Manifest: Season 1: Point of No Return","30/07/22"
"Manifest: Season 1: S.N.A.F.U.","30/07/22"
"Manifest: Season 1: Off Radar","30/07/22"
"Manifest: Season 1: Connecting Flights","30/07/22"
"Manifest: Season 1: Unclaimed Baggage","30/07/22"
"Manifest: Season 1: Turbulence","30/07/22"
"Manifest: Season 1: Reentry","30/07/22"
"Manifest: Season 1: Pilot","30/07/22"
"Sonic the Hedgehog","08/06/22"
"Boyka: Undisputed","05/06/22"
"13 Reasons Why: Season 4: Graduation","04/06/22"
"13 Reasons Why: Season 4: House Party","03/06/22"
"13 Reasons Why: Season 4: Thursday","02/06/22"
"13 Reasons Why: Season 4: Senior Camping Trip","02/06/22"
"13 Reasons Why: Season 4: Valentine's Day","02/06/22"
"13 Reasons Why: Season 4: College Tour","02/06/22"
"13 Reasons Why: Season 4: Winter Break","02/06/22"
"Shooter: Season 1: Point of Impact","02/06/22"
"Suits: Season 1: Tricks of the Trade","01/06/22"
"Suits: Season 1: Bail Out","01/06/22"
"Suits: Season 1: Dirty Little Secrets","01/06/22"
"Suits: Season 1: Inside Track","30/05/22"
"Suits: Season 1: Errors and Omissions","30/05/22"
"Suits: Season 1: Pilot Part 1 & 2","30/05/22"
"It's Okay to Not Be Okay: Sleeping Witch","19/05/22"
"It's Okay to Not Be Okay: The Lady In Red Shoes","19/05/22"
"It's Okay to Not Be Okay: The Boy Who Fed On Nightmares","19/05/22"
"Squid Game: Season 1: One Lucky Day","12/05/22"
"Squid Game: Season 1: Front Man","12/05/22"
"Squid Game: Season 1: VIPS","12/05/22"
"Squid Game: Season 1: Gganbu","12/05/22"
"Squid Game: Season 1: A Fair World","12/05/22"
"Squid Game: Season 1: Stick to the Team","12/05/22"
"Squid Game: Season 1: The Man with the Umbrella","12/05/22"
"Seven","12/05/22"
"Sonic X: Season 1: Chaos Control Freaks","29/04/22"
"Hotel Transylvania 3: Summer Vacation","29/04/22"
"Snowden","29/04/22"
"The Imitation Game","29/04/22"
"Bridgerton: Season 1: Diamond of the First Water","27/04/22"
"Squid Game: Season 1: Hell","27/04/22"
"'83","24/04/22"
"A Beautiful Mind","23/04/22"
"Squid Game: Season 1: Red Light, Green Light","23/04/22"
"Masha's Tales: Episode 1","17/03/22"
"San Andreas","16/03/22"
"Ride Along 2","16/03/22"
"Desperado","16/03/22"
"Bad Boys","16/03/22"
"Chernobyl 1986","15/03/22"
"Pablo Escobar, el patrón del mal: Episode 62","15/03/22"
"Man on Fire","14/03/22"
"Noah","14/03/22"
"The Mask","14/03/22"
"Peppa Pig: Season 6: The Aquarium/George's Racing Car/The Little Boat/The Sandpit","04/02/22"
"Smurfs: The Lost Village","04/02/22"
"The Smurfs 2","04/02/22"
"Raising Dion: Season 1: ISSUE #101: How Do You Raise a Superhero?","04/02/22"
"Teen Titans Go!: Season 5: Tower Renovation / Quantum Fun","03/02/22"
"Teen Titans Go!: Season 5: Kabooms: Pt 1 / Kabooms: Pt. 2","03/02/22"
"Masha and the Bear: Season 4: Das ist gut! / Once in the Wild West / Almost Ancient Greek Story / The Magic Flute","02/02/22"
"Pablo Escobar, el patrón del mal: Episode 61","02/02/22"
"Shrek Forever After","02/02/22"
"DreamWorks Shrek the Halls","02/02/22"
"Cleo & Cuquin: Season 2: The Spaceship","01/02/22"
"Loo Loo Kids: Johny & Friends Musical Adventures: Number Song","01/02/22"
"Loo Loo Kids: Johny & Friends Musical Adventures: Old MacDonald Had A Farm","01/02/22"
"Matilda","01/02/22"
"Hotel Transylvania 2","01/02/22"
"Z Nation: Season 4: Escape from Zona","30/01/22"
"Better Than Us: Episode 1","29/01/22"
"We Can Be Heroes","29/01/22"
"Masha and the Bear: Season 4: The Secret of Mashuko / When Cacti Bloom / Tales from the East","28/01/22"
"Word Party Songs: Opposites","28/01/22"
"Word Party Songs: Colour Clap Dance","28/01/22"
"Word Party Songs: Bow-Wow, Beep Beep!","28/01/22"
"Word Party Songs: Dance to a Happy Place","28/01/22"
"Word Party Songs: Bot Boogie-Woogie","28/01/22"
"Word Party Songs: Silly Noodle Dance","28/01/22"
"Alvin and the Chipmunks: The Squeakquel","27/01/22"
"Jurassic World Camp Cretaceous: Season 1: Camp Cretaceous","27/01/22"
"The Secret Life of Pets 2","27/01/22"
"El final del paraíso: Episode 90","27/01/22"
"El final del paraíso: Episode 89","27/01/22"
"El final del paraíso: Episode 88","27/01/22"
"El final del paraíso: Episode 87","27/01/22"
"El final del paraíso: Episode 86","26/01/22"
"El final del paraíso: Episode 85","26/01/22"
"The Boss Baby: Back in Business: Season 4: Yellow 100","26/01/22"
"El final del paraíso: Episode 84","26/01/22"
"Venom","26/01/22"
"El final del paraíso: Episode 83","26/01/22"
"The Adventures of Sharkboy and Lavagirl","25/01/22"
"El final del paraíso: Episode 82","25/01/22"
"El final del paraíso: Episode 81","25/01/22"
"El final del paraíso: Episode 80","24/01/22"
"Loo Loo Kids: Johny & Friends Musical Adventures: The Wheels On The Bus","24/01/22"
"El final del paraíso: Episode 79","24/01/22"
"My Magic Pet Morphle: Season 2: Morphle's Favorite Things","24/01/22"
"El final del paraíso: Episode 78","24/01/22"
"El final del paraíso: Episode 77","24/01/22"
"Triple Frontier","24/01/22"
"Minions","24/01/22"
"Robocar Poli: Season 2: Rody Is a Liar","24/01/22"
"Norbit","24/01/22"
"Pup Academy: Season 1: The Stray’s First Day","24/01/22"
"Stuart Little","24/01/22"
"El Chapo: Season 1: Episode 1","24/01/22"
"El final del paraíso: Episode 76","23/01/22"
"El final del paraíso: Episode 75","23/01/22"
"Despicable Me","23/01/22"
"El final del paraíso: Episode 74","23/01/22"
"ALVINNN!!! And the Chipmunks: Season 2: Dog Days / Dragon Dad","23/01/22"
" ","23/01/22"
"El final del paraíso: Episode 73","22/01/22"
"El final del paraíso: Episode 72","22/01/22"
"El final del paraíso: Episode 71","22/01/22"
"El final del paraíso: Episode 70","21/01/22"
"El final del paraíso: Episode 69","21/01/22"
"Sextuplets","21/01/22"
"El final del paraíso: Episode 68","20/01/22"
"El final del paraíso: Episode 67","20/01/22"
"El final del paraíso: Episode 66","20/01/22"
"El final del paraíso: Episode 65","20/01/22"
"Baywatch","20/01/22"
"El final del paraíso: Episode 64","20/01/22"
"My Magic Pet Morphle: Season 2: Morphle Loves to Help","20/01/22"
"Peppa Pig: Season 6: The Queen/Desert Island/Perfume/The Children's Fete","20/01/22"
"CoComelon: Season 4: CoComelon Fun Club","20/01/22"
"El final del paraíso: Episode 63","20/01/22"
"El final del paraíso: Episode 62","19/01/22"
"Tayo The Little Bus: Season 4: Please believe me / Give me courage","19/01/22"
"Tayo The Little Bus: Season 4: Duri's Homework / We are all friends","19/01/22"
"El final del paraíso: Episode 61","19/01/22"
"El final del paraíso: Episode 60","19/01/22"
"Feo pero sabroso","19/01/22"
"COMEDIANS of the world: Brazil: Thiago Ventura","19/01/22"
"El final del paraíso: Episode 59","18/01/22"
"El final del paraíso: Episode 58","18/01/22"
"El final del paraíso: Episode 57","18/01/22"
"El final del paraíso: Episode 56","18/01/22"
"El final del paraíso: Episode 1","18/01/22"
"Z Nation: Season 4: Warren's Dream","18/01/22"
"El final del paraíso: Episode 55","17/01/22"
"The SpongeBob SquarePants Movie","17/01/22"
"El final del paraíso: Episode 54","17/01/22"
"El final del paraíso: Episode 53","17/01/22"
"Mission: Impossible - Ghost Protocol","17/01/22"
"El final del paraíso: Episode 52","16/01/22"
"El final del paraíso: Episode 51","16/01/22"
"El final del paraíso: Episode 50","16/01/22"
"My Magic Pet Morphle: Season 2: Morphle's Magical Adventures","16/01/22"
"My Magic Pet Morphle: Season 2: Morphle Is Back!","16/01/22"
"How the Grinch Stole Christmas","16/01/22"
"Barbie Life in the Dreamhouse: Best of Malibu","16/01/22"
"El final del paraíso: Episode 49","15/01/22"
"El final del paraíso: Episode 48","15/01/22"
"El final del paraíso: Episode 47","15/01/22"
"El final del paraíso: Episode 46","15/01/22"
"El final del paraíso: Episode 45","15/01/22"
"El final del paraíso: Episode 44","15/01/22"
"Z Nation: Season 3: Everybody Dies in the End","14/01/22"
"El final del paraíso: Episode 43","14/01/22"
"Z Nation: Season 3: Duel","14/01/22"
"El final del paraíso: Episode 42","14/01/22"
"El final del paraíso: Episode 41","14/01/22"
"El final del paraíso: Episode 40","13/01/22"
"El final del paraíso: Episode 39","13/01/22"
"El final del paraíso: Episode 38","13/01/22"
"El final del paraíso: Episode 37","13/01/22"
"El final del paraíso: Episode 36","13/01/22"
"Back to the Outback","13/01/22"
"Z Nation: Season 3: The Siege of Murphytown","12/01/22"
"Ouija","12/01/22"
"El final del paraíso: Episode 35","12/01/22"
"El final del paraíso: Episode 34","11/01/22"
"Z Nation: Season 3: Doc's Angels","11/01/22"
"Mighty Express: Season 5: Sheriff Red / Pizza Day","11/01/22"
"El final del paraíso: Episode 33","11/01/22"
"El final del paraíso: Episode 32","11/01/22"
"Z Nation: Season 3: They Grow Up So Quickly","11/01/22"
"El final del paraíso: Episode 31","11/01/22"
"Pablo Escobar, el patrón del mal: Episode 60","10/01/22"
"Mission: Impossible - Fallout","10/01/22"
"Terminator Genisys","10/01/22"
"Z Nation: Season 3: Heart of Darkness","10/01/22"
"Z Nation: Season 3: Election Day","10/01/22"
"El final del paraíso: Episode 30","09/01/22"
"El final del paraíso: Episode 29","09/01/22"
"El final del paraíso: Episode 28","09/01/22"
"El final del paraíso: Episode 27","09/01/22"
"El final del paraíso: Episode 26","09/01/22"
"El final del paraíso: Episode 25","09/01/22"
"El final del paraíso: Episode 24","09/01/22"
"El final del paraíso: Episode 23","08/01/22"
"El final del paraíso: Episode 22","08/01/22"
"El final del paraíso: Episode 21","08/01/22"
"El final del paraíso: Episode 20","08/01/22"
"El final del paraíso: Episode 19","08/01/22"
"Mowgli: Legend of the Jungle","08/01/22"
"El final del paraíso: Episode 18","07/01/22"
"El final del paraíso: Episode 17","07/01/22"
"El final del paraíso: Episode 16","07/01/22"
"El final del paraíso: Episode 15","07/01/22"
"El final del paraíso: Episode 14","07/01/22"
"El final del paraíso: Episode 13","07/01/22"
"El final del paraíso: Episode 12","06/01/22"
"El final del paraíso: Episode 11","06/01/22"
"El final del paraíso: Episode 10","06/01/22"
"Marvel's Daredevil: In the Blood","06/01/22"
"PJ Masks: Season 3: Moon Madness / Moon Madness: Part 2","05/01/22"
"El final del paraíso: Episode 9","05/01/22"
"El final del paraíso: Episode 8","05/01/22"
"Elves: Aarmand Island","05/01/22"
"A Korean Odyssey: Episode 1","05/01/22"
"Z Nation: Season 3: Welcome to Murphytown","05/01/22"
"Z Nation: Season 3: Doc Flew over the Cuckoo's Nest","05/01/22"
"The Darkest Hour","05/01/22"
"El final del paraíso: Episode 7","05/01/22"
"The Expendables 3","04/01/22"
"El final del paraíso: Episode 6","04/01/22"
"Z Nation: Season 3: Little Red and the WolfZ","04/01/22"
"Z Nation: Season 3: Escorpion and the Red Hand","04/01/22"
"El final del paraíso: Episode 5","03/01/22"
"Grown Ups","03/01/22"
"El final del paraíso: Episode 4","03/01/22"
"Z Nation: Season 3: Murphy's Miracle","03/01/22"
"Z Nation: Season 3: A New Mission","03/01/22"
"Z Nation: Season 3: No Mercy Part 1; No Mercy Part 2","03/01/22"
"El final del paraíso: Episode 3","02/01/22"
"El final del paraíso: Episode 2","02/01/22"
"Sin senos sí hay paraíso: Season 3: La Diabla, escolta de Catalina","02/01/22"
"Sin senos sí hay paraíso: Season 3: Catalina desconfía de Santiago","02/01/22"
"Z Nation: Season 2: End Times","01/01/22"
"Z Nation: Season 2: Day One","01/01/22"
"Sin senos sí hay paraíso: Season 3: Santiago muerde el anzuelo","01/01/22"
"Sin senos sí hay paraíso: Season 3: Catalina está embarazada","31/12/21"
"Sin senos sí hay paraíso: Season 3: Catalina y Hernán Darío se casan","31/12/21"
"Z Nation: Season 2: Adios Muchachos","31/12/21"
"Sin senos sí hay paraíso: Season 3: Yésica elige su nuevo rostro","31/12/21"
"Sin senos sí hay paraíso: Season 3: Mariana, la narco más joven","31/12/21"
"Sin senos sí hay paraíso: Season 3: Mariana aspira ser como Yésica","31/12/21"
"Z Nation: Season 2: Party With the Zeros","30/12/21"
"Z Nation: Season 2: Corporate Retreat","30/12/21"
"Z Nation: Season 2: We Were Nowhere Near the Grand Canyon","30/12/21"
"Z Nation: Season 2: RoZwell","30/12/21"
"Sin senos sí hay paraíso: Season 3: Donante de cara para Yésica","30/12/21"
"Sin senos sí hay paraíso: Season 3: Hernán Darío despierta","30/12/21"
"Sin senos sí hay paraíso: Season 3: La Diabla destapa su rostro","30/12/21"
"Sin senos sí hay paraíso: Season 3: Catalina se apega al deber","29/12/21"
"Sin senos sí hay paraíso: Season 3: Mariana traiciona a su madre","29/12/21"
"Z Nation: Season 2: The Collector","29/12/21"
"Sin senos sí hay paraíso: Season 3: Catalina recibe un ascenso","29/12/21"
"Sin senos sí hay paraíso: Season 3: El Titi no se separará de su hija","29/12/21"
"Sin senos sí hay paraíso: Season 3: Albeiro se sincera con Hilda","28/12/21"
"Z Nation: Season 2: Down the Mississippi","28/12/21"
"Cobra Kai: Season 1: Ace Degenerate","28/12/21"
"Z Nation: Season 2: Zombie Baby Daddy","28/12/21"
"The Mummy: Tomb of the Dragon Emperor","28/12/21"
"Z Nation: Season 2: Zombaby!","27/12/21"
"Sin senos sí hay paraíso: Season 3: Albeiro en brazos de Catalina","27/12/21"
"Z Nation: Season 2: Batch 47","27/12/21"
"Dawn of the Dead","27/12/21"
"Insidious: The Last Key","27/12/21"
"Fast & Furious Presents: Hobbs & Shaw","27/12/21"
"Spider-Man: Homecoming","27/12/21"
"Pablo Escobar, el patrón del mal: Episode 59","26/12/21"
"Pablo Escobar, el patrón del mal: Episode 58","26/12/21"
"Sin senos sí hay paraíso: Season 3: La maldición rodea a Catalina","26/12/21"
"Sin senos sí hay paraíso: Season 3: Catalina acusa a Mariana","26/12/21"
"Seed of Chucky","26/12/21"
"Kung Fu Panda 3","25/12/21"
"Z Nation: Season 2: Zombie Road","25/12/21"
"Loo Loo Kids: Johny & Friends Musical Adventures: Johny Johny Yes Papa","24/12/21"
"Loo Loo Kids: Johny & Friends Musical Adventures: Baby Shark","24/12/21"
"Pinkfong & Baby Shark's Space Adventure","24/12/21"
"The SpongeBob Movie: Sponge on the Run","24/12/21"
"#Alive","24/12/21"
"Teen Titans Go!: Season 5: The Scoop / Chicken in the Cradle","24/12/21"
"Nicky Jam: El Ganador: Escape To New York","24/12/21"
"Nicky Jam: El Ganador: The Cangris","24/12/21"
"Z Nation: Season 2: White Light","24/12/21"
"Sin senos sí hay paraíso: Season 3: Nachito al borde de la muerte","24/12/21"
"Sin senos sí hay paraíso: Season 3: Explota la casa de Nachito","23/12/21"
"Z Nation: Season 2: The Murphy","23/12/21"
"Sin senos sí hay paraíso: Season 3: La Diabla sobrevive el ataque","23/12/21"
"Sin senos sí hay paraíso: Season 3: La Diabla camino a su fin","23/12/21"
"Sin senos sí hay paraíso: Season 3: Emboscada contra La Diabla","23/12/21"
"My Little Pony: Friendship Is Magic: Season 1: Friendship Is Magic: Part 1","23/12/21"
"The Seven Deadly Sins: The Seven Deadly Sins","23/12/21"
"Masha and the Bear: Season 4: Pink of Fashion / From England with Love / Where All Love to Sing","23/12/21"
"All Hail King Julien: Season 1: King Me","23/12/21"
"Talking Tom and Friends: The Audition","23/12/21"
"Sin senos sí hay paraíso: Season 3: Mariana tiene aliados","23/12/21"
"Sin senos sí hay paraíso: Season 3: El Titi se entera que es padre","22/12/21"
"Sin senos sí hay paraíso: Season 3: Mariana renuncia a su hija","22/12/21"
"Sin senos sí hay paraíso: Season 3: El Titi en la mira de Catalina","22/12/21"
"Sin senos sí hay paraíso: Season 3: Mariana se quita la máscara","22/12/21"
"Sin senos sí hay paraíso: Season 3: El Titi pasa el dato a Catalina","22/12/21"
"Sin senos sí hay paraíso: Season 3: Catalina sufre por Ximena","22/12/21"
"Sin senos sí hay paraíso: Season 3: Hernán Darío encara a Mariana","21/12/21"
"Sin senos sí hay paraíso: Season 3: Nacho no es padre","21/12/21"
"Sin senos sí hay paraíso: Season 3: Nachi no se alejará de su hija","21/12/21"
"Z Nation: Season 1: Doctor of the Dead","21/12/21"
"Sin senos sí hay paraíso: Season 3: Albeiro deja atrás a Catalina","20/12/21"
"Sin senos sí hay paraíso: Season 3: Albeiro piensa en Catalina","20/12/21"
"Sin senos sí hay paraíso: Season 3: Catalina vuelve con Santiago","18/12/21"
"Sin senos sí hay paraíso: Season 3: Martín planea cocinar a Lucía","18/12/21"
"Sin senos sí hay paraíso: Season 3: Un ultimátum para La Diabla","17/12/21"
"Sin senos sí hay paraíso: Season 3: La Diabla nunca se rinde","17/12/21"
"Sin senos sí hay paraíso: Season 3: Catalina captura a La Diabla","17/12/21"
"Sin senos sí hay paraíso: Season 3: Catalina caza a La Diabla","17/12/21"
"Sin senos sí hay paraíso: Season 3: Catalina amenaza a El Titi","17/12/21"
"Sin senos sí hay paraíso: Season 3: Catalina salva a Mariana","17/12/21"
"Sin senos sí hay paraíso: Season 3: Catalina le da el sí a El Titi","16/12/21"
"Sin senos sí hay paraíso: Season 3: La Diabla contacta a El Titi","16/12/21"
"Sin senos sí hay paraíso: Season 3: Catalina se juega la vida","16/12/21"
"Sin senos sí hay paraíso: Season 3: Catalina y su misión peligrosa","16/12/21"
"Sin senos sí hay paraíso: Season 3: La Diabla tiene cómo negociar","16/12/21"
"Sin senos sí hay paraíso: Season 3: La Diabla mata a Chalo","16/12/21"
"Sin senos sí hay paraíso: Season 3: El Titi complica a Catalina","16/12/21"
"Sin senos sí hay paraíso: Season 3: La Diabla se sale con la suya","16/12/21"
"Sin senos sí hay paraíso: Season 3: El Titi compra un anillo","16/12/21"
"Sin senos sí hay paraíso: Season 3: Entre la espada y la pared","15/12/21"
"Sin senos sí hay paraíso: Season 3: Catalina va por La Diabla","15/12/21"
"Sin senos sí hay paraíso: Season 3: Le disparan a Albeiro","15/12/21"
"Sin senos sí hay paraíso: Season 3: Se rompe el hechizo de Albeiro","15/12/21"
"Sin senos sí hay paraíso: Season 3: Albeiro quiere casarse","15/12/21"
"Sin senos sí hay paraíso: Season 3: La pesadilla de Catalina","15/12/21"
"Sin senos sí hay paraíso: Season 3: Catalina vive su pesadilla","14/12/21"
"Sin senos sí hay paraíso: Season 3: Asignan refuerzos a Catalina  ","14/12/21"
"Sin senos sí hay paraíso: Season 3: La Diabla pierde a Daniela","14/12/21"
"Sin senos sí hay paraíso: Season 3: Catalina gana el reinado","14/12/21"
"Sin senos sí hay paraíso: Season 2: La corona tiene precio","14/12/21"
"Sin senos sí hay paraíso: Season 2: Catalina en su terreno","29/11/21"
"Sin senos sí hay paraíso: Season 2: Blanco equivocado","29/11/21"
"Sin senos sí hay paraíso: Season 2: De vuelta a Colombia","29/11/21"
"Sin senos sí hay paraíso: Season 2: Hilda, fuera de sus cabales","29/11/21"
"Z Nation: Season 1: Murphy's Law","28/11/21"
"Sin senos sí hay paraíso: Season 2: Pérdida de memoria","27/11/21"
"Pablo Escobar, el patrón del mal: Episode 57","27/11/21"
"Pablo Escobar, el patrón del mal: Episode 56","27/11/21"
"Sin senos sí hay paraíso: Season 2: Un secreto llega a su fin","26/11/21"
"Sin senos sí hay paraíso: Season 2: La Diabla, suelta","26/11/21"
"Sin senos sí hay paraíso: Season 2: Sorpresa para Hilda","26/11/21"
"Sin senos sí hay paraíso: Season 2: Encuentro electrizante","26/11/21"
"Sin senos sí hay paraíso: Season 2: Fuga en marcha","25/11/21"
"Sin senos sí hay paraíso: Season 2: Sentimientos encontrados","25/11/21"
"Masha and the Bear: Season 4: No Work All Carnival / Happy New Year … Again! / Spanish Tunes","25/11/21"
"Grizzy and the Lemmings: Season 2: Ice & Bears","25/11/21"
"Sin senos sí hay paraíso: Season 2: Tumba vacía y posible fuga","25/11/21"
"Sin senos sí hay paraíso: Season 2: Castigo, amenazas y muerte","24/11/21"
"Bruised","24/11/21"
"Sin senos sí hay paraíso: Season 2: La Diabla en control","24/11/21"
"Sin senos sí hay paraíso: Season 2: Una chica mala","24/11/21"
"Sin senos sí hay paraíso: Season 2: Estrategia amorosa","23/11/21"
"Sin senos sí hay paraíso: Season 2: Pasaporte a la libertad","23/11/21"
"The Croods","23/11/21"
"Sin senos sí hay paraíso: Season 2: Negocios entre enemigas","23/11/21"
"Sin senos sí hay paraíso: Season 2: El momento de la verdad","23/11/21"
"Sin senos sí hay paraíso: Season 2: La nueva misión de Virginia","23/11/21"
"Sin senos sí hay paraíso: Season 2: Entre suspicacias y trampas","23/11/21"
"Sin senos sí hay paraíso: Season 2: El que la hace, la paga","22/11/21"
"Sin senos sí hay paraíso: Season 2: Dulce justicia","22/11/21"
"Sin senos sí hay paraíso: Season 2: 20 años después","22/11/21"
"Sin senos sí hay paraíso: Season 2: Virginia escribe su destino","22/11/21"
"Resident Evil: The Final Chapter","21/11/21"
"Escape Plan","21/11/21"
"Madagascar 3: Europe's Most Wanted","21/11/21"
"Pablo Escobar, el patrón del mal: Episode 55","21/11/21"
"Pablo Escobar, el patrón del mal: Episode 54","21/11/21"
"Pablo Escobar, el patrón del mal: Episode 53","21/11/21"
"Z Nation: Season 1: Sisters of Mercy","21/11/21"
"The Purge: Anarchy","21/11/21"
"Pablo Escobar, el patrón del mal: Episode 52","21/11/21"
"Pablo Escobar, el patrón del mal: Episode 51","21/11/21"
"Pablo Escobar, el patrón del mal: Episode 50","20/11/21"
"Pablo Escobar, el patrón del mal: Episode 49","20/11/21"
"Pablo Escobar, el patrón del mal: Episode 48","20/11/21"
"Pablo Escobar, el patrón del mal: Episode 47","20/11/21"
"Pablo Escobar, el patrón del mal: Episode 46","20/11/21"
"Pablo Escobar, el patrón del mal: Episode 45","20/11/21"
"Pablo Escobar, el patrón del mal: Episode 44","20/11/21"
"Pablo Escobar, el patrón del mal: Episode 43","20/11/21"
"Pablo Escobar, el patrón del mal: Episode 42","20/11/21"
"Pablo Escobar, el patrón del mal: Episode 41","20/11/21"
"Pablo Escobar, el patrón del mal: Episode 40","20/11/21"
"Pablo Escobar, el patrón del mal: Episode 39","20/11/21"
"Pablo Escobar, el patrón del mal: Episode 38","20/11/21"
"Pablo Escobar, el patrón del mal: Episode 37","19/11/21"
"Sin senos sí hay paraíso: Season 2: Catalina se une a la TEA","19/11/21"
"Sin senos sí hay paraíso: Season 2: Nace Virginia Fernández","19/11/21"
"Sin senos sí hay paraíso: Season 2: Catalina, la sobreviviente","19/11/21"
"Pablo Escobar, el patrón del mal: Episode 36","19/11/21"
"Pablo Escobar, el patrón del mal: Episode 35","19/11/21"
"Sin senos sí hay paraíso: Episode 90","19/11/21"
"Pablo Escobar, el patrón del mal: Episode 34","18/11/21"
"Sin senos sí hay paraíso: Episode 89","18/11/21"
"Sin senos sí hay paraíso: Episode 88","18/11/21"
"Sin senos sí hay paraíso: Episode 87","18/11/21"
"Sin senos sí hay paraíso: Episode 86","18/11/21"
"Pablo Escobar, el patrón del mal: Episode 33","18/11/21"
" : Episode 1","18/11/21"
"Pablo Escobar, el patrón del mal: Episode 32","18/11/21"
"Sin senos sí hay paraíso: Episode 85","17/11/21"
"Sin senos sí hay paraíso: Episode 84","17/11/21"
"Pablo Escobar, el patrón del mal: Episode 31","17/11/21"
"Pablo Escobar, el patrón del mal: Episode 30","17/11/21"
"Pablo Escobar, el patrón del mal: Episode 29","17/11/21"
"Pablo Escobar, el patrón del mal: Episode 28","17/11/21"
"Pablo Escobar, el patrón del mal: Episode 27","17/11/21"
"Pablo Escobar, el patrón del mal: Episode 26","17/11/21"
"Pablo Escobar, el patrón del mal: Episode 25","17/11/21"
"Pablo Escobar, el patrón del mal: Episode 24","17/11/21"
"Pablo Escobar, el patrón del mal: Episode 23","17/11/21"
"Pablo Escobar, el patrón del mal: Episode 22","17/11/21"
"Pablo Escobar, el patrón del mal: Episode 21","17/11/21"
"Pablo Escobar, el patrón del mal: Episode 20","17/11/21"
"Pablo Escobar, el patrón del mal: Episode 19","17/11/21"
"Pablo Escobar, el patrón del mal: Episode 18","17/11/21"
"Pablo Escobar, el patrón del mal: Episode 17","17/11/21"
"Pablo Escobar, el patrón del mal: Episode 16","17/11/21"
"Pablo Escobar, el patrón del mal: Episode 15","17/11/21"
"Pablo Escobar, el patrón del mal: Episode 14","17/11/21"
"Pablo Escobar, el patrón del mal: Episode 13","17/11/21"
"Pablo Escobar, el patrón del mal: Episode 12","17/11/21"
"Pablo Escobar, el patrón del mal: Episode 11","17/11/21"
"Pablo Escobar, el patrón del mal: Episode 10","17/11/21"
"Pablo Escobar, el patrón del mal: Episode 9","17/11/21"
"Pablo Escobar, el patrón del mal: Episode 8","17/11/21"
"Pablo Escobar, el patrón del mal: Episode 7","17/11/21"
"Pablo Escobar, el patrón del mal: Episode 6","17/11/21"
"Pablo Escobar, el patrón del mal: Episode 5","17/11/21"
"Pablo Escobar, el patrón del mal: Episode 4","17/11/21"
"Pablo Escobar, el patrón del mal: Episode 3","17/11/21"
"Pablo Escobar, el patrón del mal: Episode 2","17/11/21"
"Pablo Escobar, el patrón del mal: Episode 1","17/11/21"
"Sin senos sí hay paraíso: Episode 83","16/11/21"
"Sin senos sí hay paraíso: Episode 82","16/11/21"
"Z Nation: Season 1: Going Nuclear","16/11/21"
"Sin senos sí hay paraíso: Episode 81","15/11/21"
"Mr Bean's Holiday","15/11/21"
"Apostle","15/11/21"
"Army of the Dead","14/11/21"
"Shrek","14/11/21"
"Grizzy and the Lemmings: Season 2: Camping In The Wild","14/11/21"
"Sin senos sí hay paraíso: Episode 80","13/11/21"
"Sin senos sí hay paraíso: Episode 79","13/11/21"
"Sin senos sí hay paraíso: Episode 78","13/11/21"
"Sin senos sí hay paraíso: Episode 77","13/11/21"
"Sin senos sí hay paraíso: Episode 76","12/11/21"
"Sin senos sí hay paraíso: Episode 75","12/11/21"
"Sin senos sí hay paraíso: Episode 74","12/11/21"
"Sin senos sí hay paraíso: Episode 73","11/11/21"
"Sin senos sí hay paraíso: Episode 72","11/11/21"
"Z Nation: Season 1: Die Zombie Die... Again","11/11/21"
"Z Nation: Season 1: Zunami","11/11/21"
"Z Nation: Season 1: Welcome to the Fu-Bar","11/11/21"
"Z Nation: Season 1: Resurrection Z","11/11/21"
"Sin senos sí hay paraíso: Episode 71","10/11/21"
"Sin senos sí hay paraíso: Episode 70","10/11/21"
"Sin senos sí hay paraíso: Episode 69","10/11/21"
"Sin senos sí hay paraíso: Episode 68","10/11/21"
"Sin senos sí hay paraíso: Episode 67","10/11/21"
"Sin senos sí hay paraíso: Episode 66","09/11/21"
"Sin senos sí hay paraíso: Episode 65","08/11/21"
"Sin senos sí hay paraíso: Episode 64","08/11/21"
"Sin senos sí hay paraíso: Episode 63","08/11/21"
"Sin senos sí hay paraíso: Episode 62","08/11/21"
"Sin senos sí hay paraíso: Episode 61","08/11/21"
"Sin senos sí hay paraíso: Episode 60","08/11/21"
"Sin senos sí hay paraíso: Episode 59","08/11/21"
"Justice League","07/11/21"
"Dragons: Race to the Edge: Season 1: Total Nightmare","07/11/21"
"Dragons: Race to the Edge: Season 1: The Next Big Sting","07/11/21"
"Dragons: Race to the Edge: Season 1: Have Dragon Will Travel, Part 2","07/11/21"
"Dragons: Race to the Edge: Season 1: Have Dragon Will Travel, Part 1","07/11/21"
"Dragons: Race to the Edge: Season 1: Quake, Rattle and Roll","07/11/21"
"Dragons: Race to the Edge: Season 1: Crushing It","07/11/21"
"Dragons: Race to the Edge: Season 1: Reign of Fireworms","07/11/21"
"Dragons: Race to the Edge: Season 1: Gone Gustav Gone","07/11/21"
"Dragons: Race to the Edge: Season 1: Big Man on Berk","07/11/21"
"Dragons: Race to the Edge: Season 1: When Darkness Falls","07/11/21"
"Dragons: Race to the Edge: Season 1: Imperfect Harmony","07/11/21"
"Dragons: Race to the Edge: Season 1: Eye of the Beholder, Part 2","07/11/21"
"Dragons: Race to the Edge: Season 1: Eye of the Beholder, Part 1","07/11/21"
"Arcane: Welcome to the Playground","07/11/21"
"Sin senos sí hay paraíso: Episode 58","06/11/21"
"Iris: Episode 1","06/11/21"
"Inception","06/11/21"
"Sin senos sí hay paraíso: Episode 57","05/11/21"
"Sin senos sí hay paraíso: Episode 56","05/11/21"
"My Name: Episode 8","05/11/21"
"My Name: Episode 7","05/11/21"
"My Name: Episode 6","05/11/21"
"My Name: Episode 5","05/11/21"
"My Name: Episode 4","05/11/21"
"My Name: Episode 3","05/11/21"
"My Name: Episode 2","05/11/21"
"My Name: Episode 1","05/11/21"
"Sin senos sí hay paraíso: Episode 55","04/11/21"
"Sin senos sí hay paraíso: Episode 54","04/11/21"
"Sin senos sí hay paraíso: Episode 53","04/11/21"
"Sin senos sí hay paraíso: Episode 52","04/11/21"
"Sin senos sí hay paraíso: Episode 51","04/11/21"
"Sin senos sí hay paraíso: Episode 50","04/11/21"
"Sin senos sí hay paraíso: Episode 49","04/11/21"
"Sin senos sí hay paraíso: Episode 48","03/11/21"
"Sin senos sí hay paraíso: Episode 47","03/11/21"
"Despicable Me 2","03/11/21"
"Sin senos sí hay paraíso: Episode 46","02/11/21"
"Sin senos sí hay paraíso: Episode 45","02/11/21"
"Sin senos sí hay paraíso: Episode 44","02/11/21"
"Sin senos sí hay paraíso: Episode 43","02/11/21"
"Sin senos sí hay paraíso: Episode 42","01/11/21"
"Z Nation: Season 1: Home Sweet Zombie","01/11/21"
"Z Nation: Season 1: Full Metal Zombie","01/11/21"
"Marvel's Jessica Jones: AKA Ladies Night","01/11/21"
"Marvel's Jessica Jones: AKA Crush Syndrome","01/11/21"
"6 Underground","31/10/21"
"Sin senos sí hay paraíso: Episode 41","31/10/21"
"Sin senos sí hay paraíso: Episode 40","31/10/21"
"Munich","30/10/21"
"Sin senos sí hay paraíso: Episode 39","29/10/21"
"Sin senos sí hay paraíso: Episode 38","29/10/21"
"Sin senos sí hay paraíso: Episode 37","28/10/21"
"Sin senos sí hay paraíso: Episode 36","28/10/21"
"Sin senos sí hay paraíso: Episode 35","28/10/21"
"Who Am I","28/10/21"
"The Kingdom","27/10/21"
"Sin senos sí hay paraíso: Episode 34","26/10/21"
"Sin senos sí hay paraíso: Episode 33","26/10/21"
"Z Nation: Season 1: Philly Feast","26/10/21"
"Z Nation: Season 1: Fracking Zombies","26/10/21"
"Sin senos sí hay paraíso: Episode 32","22/10/21"
"Sin senos sí hay paraíso: Episode 31","22/10/21"
"Sin senos sí hay paraíso: Episode 30","22/10/21"
"Sin senos sí hay paraíso: Episode 29","22/10/21"
"Salvation: Season 1: Pilot","22/10/21"
"Mercury Rising","22/10/21"
"Eagle Eye","22/10/21"
"Sin senos sí hay paraíso: Episode 28","21/10/21"
"Sin senos sí hay paraíso: Episode 27","21/10/21"
"Sin senos sí hay paraíso: Episode 26","21/10/21"
"Troy","18/10/21"
"Unsolved Mysteries: Volume 2: Washington Insider Murder","18/10/21"
"Passengers","18/10/21"
"Resident Evil: Degeneration","17/10/21"
"The Silence","17/10/21"
"The Great Hack","17/10/21"
"After We Collided","17/10/21"
"Unbroken","17/10/21"
"Sin senos sí hay paraíso: Episode 25","16/10/21"
"Sin senos sí hay paraíso: Episode 24","16/10/21"
"The Walking Dead: Season 10: Here's Negan","16/10/21"
"The Walking Dead: Season 7: Go Getters","16/10/21"
"The Walking Dead: Season 7: Service","16/10/21"
"The Walking Dead: Season 7: The Cell","16/10/21"
"The Walking Dead: Season 7: The Well","16/10/21"
"The Walking Dead: Season 7: The Day Will Come When You Won't Be","16/10/21"
"The Walking Dead: Season 6: Last Day on Earth","16/10/21"
"The Walking Dead: Season 6: East","16/10/21"
"The Walking Dead: Season 6: Twice as Far","16/10/21"
"The Walking Dead: Season 6: The Same Boat","16/10/21"
"The Walking Dead: Season 6: Not Tomorrow Yet","16/10/21"
"The Walking Dead: Season 6: Knots Untie","16/10/21"
"The Walking Dead: Season 6: The Next World","16/10/21"
"The Walking Dead: Season 6: No Way Out","16/10/21"
"The Walking Dead: Season 6: Start to Finish","16/10/21"
"The Walking Dead: Season 6: Heads Up","16/10/21"
"The Walking Dead: Season 6: Always Accountable","16/10/21"
"The Walking Dead: Season 6: Now","16/10/21"
"The Walking Dead: Season 6: Here's Not Here","16/10/21"
"The Walking Dead: Season 6: Thank You","16/10/21"
"The Walking Dead: Season 6: JSS","16/10/21"
"The Walking Dead: Season 6: First Time Again","16/10/21"
"The Walking Dead: Season 5: Conquer","16/10/21"
"The Walking Dead: Season 5: Try","16/10/21"
"The Walking Dead: Season 5: Spend","16/10/21"
"The Walking Dead: Season 5: Forget","16/10/21"
"The Walking Dead: Season 5: Remember","16/10/21"
"The Walking Dead: Season 5: The Distance","16/10/21"
"The Walking Dead: Season 5: Them","16/10/21"
"The Walking Dead: Season 5: What Happened and What's Going On","16/10/21"
"The Walking Dead: Season 5: Coda","16/10/21"
"The Walking Dead: Season 5: Crossed","16/10/21"
"The Walking Dead: Season 5: Consumed","16/10/21"
"The Walking Dead: Season 5: Self Help","16/10/21"
"The Walking Dead: Season 5: Slabtown","15/10/21"
"The Walking Dead: Season 5: Four Walls and a Roof","15/10/21"
"The Walking Dead: Season 5: Strangers","15/10/21"
"The Walking Dead: Season 5: No Sanctuary","15/10/21"
"The Walking Dead: Season 4: A","15/10/21"
"The Walking Dead: Season 4: Us","15/10/21"
"The Walking Dead: Season 4: The Grove","15/10/21"
"The Walking Dead: Season 4: Alone","15/10/21"
"Sin senos sí hay paraíso: Episode 23","15/10/21"
"The Walking Dead: Season 4: Still","15/10/21"
"The Walking Dead: Season 4: Claimed","15/10/21"
"The Walking Dead: Season 4: Inmates","15/10/21"
"The Walking Dead: Season 4: After","15/10/21"
"The Walking Dead: Season 4: Too Far Gone","15/10/21"
"The Walking Dead: Season 4: Dead Weight","15/10/21"
"The Walking Dead: Season 4: Live Bait","15/10/21"
"The Walking Dead: Season 4: Internment","15/10/21"
"The Walking Dead: Season 4: Indifference","15/10/21"
"The Walking Dead: Season 4: Isolation","15/10/21"
"Sin senos sí hay paraíso: Episode 22","15/10/21"
"The Walking Dead: Season 4: Infected","15/10/21"
"The Walking Dead: Season 4: 30 Days Without an Accident","15/10/21"
"The Walking Dead: Season 3: Welcome to the Tombs","15/10/21"
"The Walking Dead: Season 3: This Sorrowful Life","15/10/21"
"The Walking Dead: Season 3: Prey","15/10/21"
"The Walking Dead: Season 3: Arrow on the Doorpost","15/10/21"
"The Walking Dead: Season 3: Clear","15/10/21"
"The Walking Dead: Season 3: I Ain't a Judas","15/10/21"
"The Walking Dead: Season 3: Home","15/10/21"
"The Walking Dead: Season 3: The Suicide King","15/10/21"
"The Walking Dead: Season 3: Made to Suffer","15/10/21"
"The Walking Dead: Season 3: When the Dead Come Knocking","15/10/21"
"The Walking Dead: Season 3: Hounded","15/10/21"
"The Walking Dead: Season 3: Say the Word","15/10/21"
"The Walking Dead: Season 3: Killer Within","15/10/21"
"The Walking Dead: Season 3: Walk with Me","15/10/21"
"The Walking Dead: Season 3: Sick","15/10/21"
"The Walking Dead: Season 3: Seed","15/10/21"
"The Walking Dead: Season 2: Beside the Dying Fire","15/10/21"
"The Walking Dead: Season 2: Better Angels","15/10/21"
"The Walking Dead: Season 2: Judge, Jury, Executioner","15/10/21"
"The Walking Dead: Season 2: 18 Miles Out","15/10/21"
"The Walking Dead: Season 2: Triggerfinger","15/10/21"
"The Walking Dead: Season 2: Nebraska","15/10/21"
"The Walking Dead: Season 2: Pretty Much Dead Already","15/10/21"
"The Walking Dead: Season 2: Secrets","15/10/21"
"The Walking Dead: Season 2: Chupacabra","15/10/21"
"The Walking Dead: Season 2: Cherokee Rose","15/10/21"
"The Walking Dead: Season 2: Save the Last One","14/10/21"
"The Walking Dead: Season 2: Bloodletting","14/10/21"
"The Walking Dead: Season 2: What Lies Ahead","14/10/21"
"The Walking Dead: Season 1: TS-19","14/10/21"
"The Walking Dead: Season 1: Wildfire","14/10/21"
"The Walking Dead: Season 1: Vatos","14/10/21"
"The Walking Dead: Season 1: Tell It to the Frogs","14/10/21"
"The Walking Dead: Season 1: Guts","14/10/21"
"Sand Castle","14/10/21"
"Vagabond: Episode 1","14/10/21"
"Sin senos sí hay paraíso: Episode 21","13/10/21"
"Sin senos sí hay paraíso: Episode 20","13/10/21"
"Hometown Cha-Cha-Cha: Episode 1","13/10/21"
"S.W.A.T.: Blindspots","13/10/21"
"Sin senos sí hay paraíso: Episode 13","13/10/21"
"Sin senos sí hay paraíso: Episode 12","13/10/21"
"Sin senos sí hay paraíso: Episode 19","12/10/21"
"Sin senos sí hay paraíso: Episode 18","12/10/21"
"Sin senos sí hay paraíso: Episode 17","12/10/21"
"Sin senos sí hay paraíso: Episode 16","12/10/21"
"Sin senos sí hay paraíso: Episode 15","12/10/21"
"Sin senos sí hay paraíso: Episode 14","12/10/21"
"Sin senos sí hay paraíso: Episode 11","12/10/21"
"Terminator 2: Judgment Day","11/10/21"
"Sin senos sí hay paraíso: Episode 10","11/10/21"
"Maid: Limited Series: Dollar Store","10/10/21"
"S.W.A.T.: Miracle","10/10/21"
"House of Secrets: The Burari Deaths: Limited Series: 11 Diaries","10/10/21"
"House of Secrets: The Burari Deaths: Limited Series: 11 Bodies","10/10/21"
"S.W.A.T.: Homecoming","10/10/21"
"S.W.A.T.: Imposters","10/10/21"
"S.W.A.T.: Octane","10/10/21"
"S.W.A.T.: Radical","10/10/21"
"S.W.A.T.: Pamilya","09/10/21"
"S.W.A.T.: Pilot","09/10/21"
"S.W.A.T.: Cuchillo","09/10/21"
"Sin senos sí hay paraíso: Episode 9","07/10/21"
"Sin senos sí hay paraíso: Episode 8","30/09/21"
"Sin senos sí hay paraíso: Episode 7","29/09/21"
"Sin senos sí hay paraíso: Episode 6","29/09/21"
"Sin senos sí hay paraíso: Episode 5","29/09/21"
"La Reina del Sur: Season 2: Episode 7","29/09/21"
"La Reina del Sur: Season 2: Episode 6","28/09/21"
"La Reina del Sur: Season 2: Episode 5","28/09/21"
"La Reina del Sur: Season 2: Episode 4","28/09/21"
"La Reina del Sur: Season 2: Episode 3","28/09/21"
"La Reina del Sur: Season 2: Episode 2","28/09/21"
"La Reina del Sur: Season 2: Episode 1","28/09/21"
"Las muñecas de la mafia: Season 1: Episode 1","28/09/21"
"Sin senos sí hay paraíso: Episode 4","28/09/21"
"Sex Education: Season 1: Episode 3","27/09/21"
"Sex Education: Season 1: Episode 2","27/09/21"
"Sex Education: Season 1: Episode 1","27/09/21"
"Sin senos sí hay paraíso: Episode 3","27/09/21"
"2012","25/09/21"
"Kota Factory: Season 2: Control System","24/09/21"
"Kota Factory: Season 2: Reasoning","24/09/21"
"Kota Factory: Season 1: Inventory","24/09/21"
"Creep 2","22/09/21"
"Vikings: Season 1: Raid","22/09/21"
"Vikings: Season 1: Trial","22/09/21"
"Vikings: Season 1: Dispossessed","22/09/21"
"Vikings: Season 6: Lost Souls","22/09/21"
"Sin senos sí hay paraíso: Episode 2","22/09/21"
"Sin senos sí hay paraíso: Episode 1","22/09/21"
"The Outsider","19/09/21"
"Polar","19/09/21"
"Marvel's Daredevil: Rabbit in a Snowstorm","16/09/21"
"Marvel's Daredevil: Cut Man","13/09/21"
"Marvel's Daredevil: Into the Ring","13/09/21"
"Marvel's The Punisher: Season 2: One Bad Day","09/09/21"
"Marvel's The Punisher: Season 2: Nakazat","09/09/21"
"SAS: Rise of the Black Swan","09/09/21"
"Veronica","09/09/21"
"Zero Dark Thirty","09/09/21"
"Body of Lies","09/09/21"
"Amar","09/09/21"
"Marianne: Your Dreams","08/09/21"
"Jupiter's Legacy: By Dawn's Early Light","07/09/21"
"The Good Doctor: Season 1: Burnt Food","07/09/21"
"Mimi","07/09/21"
"Hemlock Grove: Jellyfish in the Sky","07/09/21"
"The Amazing Spider-Man 2","07/09/21"
"Marvel's The Punisher: Season 2: One-Eyed Jacks","07/09/21"
"Marvel's The Punisher: Season 2: Scar Tissue","07/09/21"
"Marvel's The Punisher: Season 2: Trouble the Water","07/09/21"
"Marvel's The Punisher: Season 2: Fight or Flight","07/09/21"
"Lakshya","07/09/21"
"Marvel's The Punisher: Season 2: The Whirlwind","07/09/21"
"Marvel's The Punisher: 3AM","07/09/21"
"Marvel's The Punisher: Season 2: Collision Course","06/09/21"
"Marvel's The Punisher: Season 2: The Abyss","06/09/21"
"Marvel's The Punisher: Season 2: The Dark Hearts of Men","06/09/21"
"Marvel's The Punisher: Season 2: Flustercluck","06/09/21"
"Marvel's The Punisher: Season 2: My Brother's Keeper","06/09/21"
"Marvel's The Punisher: Season 2: Roadhouse Blues","06/09/21"
"Marvel's The Punisher: Memento Mori","06/09/21"
"Marvel's The Punisher: Home","06/09/21"
"Marvel's The Punisher: Danger Close","06/09/21"
"Marvel's The Punisher: Virtue of the Vicious","06/09/21"
"Marvel's The Punisher: Front Toward Enemy","06/09/21"
"Marvel's The Punisher: Cold Steel","06/09/21"
"Marvel's The Punisher: Crosshairs","06/09/21"
"Marvel's The Punisher: The Judas Goat","06/09/21"
"Marvel's The Punisher: Gunner","06/09/21"
"Marvel's The Punisher: Resupply","06/09/21"
"Marvel's The Punisher: Kandahar","06/09/21"
"Marvel's The Punisher: Two Dead Men","06/09/21"
"Hot Girls Wanted","05/09/21"
"The Platform","05/09/21"
"Arrival","05/09/21"
"The Amazing Spider-Man","05/09/21"
"Wild Things","05/09/21"
"Friends with Benefits","05/09/21"
"Eyes Wide Shut","05/09/21"
"The Tourist","05/09/21"
"The Girl Next Door","05/09/21"
"The Boy Next Door","05/09/21"
"Marvel's The Defenders: Limited Series: The H Word","09/08/21"
"Marvel's Daredevil: Season 3: A New Napkin","08/08/21"
"Marvel's Daredevil: Season 3: One Last Shot","08/08/21"
"Marvel's Daredevil: Season 3: Reunion","08/08/21"
"Marvel's Daredevil: Season 3: Karen","08/08/21"
"Marvel's Daredevil: Season 3: Revelations","08/08/21"
"Marvel's Daredevil: Season 3: Upstairs/Downstairs","08/08/21"
"Marvel's Daredevil: Season 3: Aftermath","08/08/21"
"Marvel's Daredevil: Season 3: The Devil You Know","08/08/21"
"Marvel's Daredevil: Season 3: The Perfect Game","08/08/21"
"Marvel's Daredevil: Season 3: Blindsided","08/08/21"
"Marvel's Daredevil: Season 3: No Good Deed","08/08/21"
"Marvel's Daredevil: Season 3: Please","08/08/21"
"Marvel's Daredevil: Season 3: Resurrection","08/08/21"
"Marvel's Daredevil: Season 2: A Cold Day in Hell's Kitchen","08/08/21"
"Marvel's Daredevil: Season 2: .380","08/08/21"
"Marvel's Daredevil: Season 2: The Dark at the End of the Tunnel","07/08/21"
"Marvel's Daredevil: Season 2: The Man in the Box","07/08/21"
"Marvel's Daredevil: Season 2: Seven Minutes in Heaven","07/08/21"
"Marvel's Daredevil: Season 2: Guilty as Sin","07/08/21"
"Marvel's Daredevil: Season 2: Semper Fidelis","07/08/21"
"Marvel's Daredevil: Season 2: Regrets Only","07/08/21"
"Marvel's Daredevil: Season 2: Kinbaku","07/08/21"
"Marvel's Daredevil: Season 2: Penny and Dime","07/08/21"
"Marvel's Daredevil: Season 2: New York's Finest","07/08/21"
"Marvel's Daredevil: Season 2: Dogs to a Gunfight","07/08/21"
"Marvel's Daredevil: Season 2: Bang","06/08/21"
"Marvel's Daredevil: Daredevil","06/08/21"
"Marvel's Daredevil: The Ones We Leave Behind","06/08/21"
"Marvel's Daredevil: The Path of the Righteous","06/08/21"
"Marvel's Daredevil: Nelson v. Murdock","06/08/21"
"Marvel's Daredevil: Speak of the Devil","05/08/21"
"Marvel's Daredevil: Shadows in the Glass","04/08/21"
"Marvel's Daredevil: Stick","04/08/21"
"Marvel's Daredevil: Condemned","04/08/21"
"Marvel's Daredevil: World on Fire","04/08/21"
"Sherlock: Series 4: The Final Problem","02/08/21"
"Sherlock: Series 4: The Lying Detective","02/08/21"
"Sherlock: Series 3: His Last Vow","01/08/21"
"Sherlock: Series 4: The Six Thatchers","01/08/21"
"Five Feet Apart","31/07/21"
"Black Hawk Down","30/07/21"
"Sherlock: Series 3: The Sign of Three","28/07/21"
"Sherlock: Series 3: The Empty Hearse","28/07/21"
"Sherlock: Series 2: The Reichenbach Fall","28/07/21"
"Sherlock: Series 2: The Hounds of Baskerville","28/07/21"
"Sherlock: Series 2: A Scandal in Belgravia","28/07/21"
"Sherlock: The Great Game","25/07/21"
"Sherlock: The Blind Banker","25/07/21"
"Sherlock: A Study in Pink","25/07/21"
"RESIDENT EVIL: Infinite Darkness: Episode 1","25/07/21"
"Sniper: Ghost Shooter","22/07/21"
"Lupin: Part 1: Chapter 1","22/07/21"
"Sex/Life: Season 1: The Wives Are in Connecticut","22/07/21"
"Wanted","21/07/21"
"Z Nation: Season 1: Puppies and Kittens","19/07/21"
"The Equalizer","19/07/21"
"Mosul","19/07/21"
"Act of Valour","19/07/21"
"Haseen Dillruba","19/07/21"
"Ajeeb Daastaans","11/07/21"
"365 Days","11/07/21"
"Newness","11/07/21"
"Feel Good: Season 1 (Channel 4): Episode 1","11/07/21"
"Shooter: Season 3: Red Light","11/07/21"
"Shooter: Season 3: Patron Saint","11/07/21"
"Shooter: Season 3: Family Fire","11/07/21"
"Shooter: Season 3: Orientation Day","10/07/21"
"Shooter: Season 3: Alpha Dog","10/07/21"
"Shooter: Season 3: The Red Badge","10/07/21"
"Shooter: Season 3: Swing Vote","10/07/21"
"Shooter: Season 3: Lines Crossed","10/07/21"
"Shooter: Season 3: A Call To Arms","10/07/21"
"Shooter: Season 3: The Importance of Service","10/07/21"
"Shooter: Season 3: Sins of the Father","10/07/21"
"Shooter: Season 3: Red Meat","09/07/21"
"Shooter: Season 3: Backroads","09/07/21"
"Shooter: Season 2: That'll Be the Day","09/07/21"
"Shooter: Season 2: Someplace Like Bolivia","09/07/21"
"Shooter: Season 2: Across the Rio Grande","09/07/21"
"Shooter: Season 2: The Man Called Noon","09/07/21"
"Shooter: Season 2: The Dark End of the Street","09/07/21"
"Shooter: Season 2: Don't Mess with Texas","08/07/21"
"Shooter: Season 2: Remember the Alamo","08/07/21"
"Shooter: Season 2: The Hunting Party","08/07/21"
"Shooter: Season 1: Ballistic Advantage","08/07/21"
"Shooter: Season 1: Primer Contact","08/07/21"
"Shooter: Season 1: Red on Red","08/07/21"
"Shooter: Season 1: Danger Close","08/07/21"
"Shooter: Season 1: Killing Zone","08/07/21"
"Shooter: Season 1: Recon by Fire","08/07/21"
"Shooter: Season 1: Overwatch","08/07/21"
"Shooter: Season 1: Musa Qala","08/07/21"
"Shooter: Season 1: Exfil","08/07/21"
"Don't Breathe","06/07/21"
"The Last Kingdom: Season 1: Episode 1","06/07/21"
"Vikings: Season 6: The Signal","05/07/21"
"Vikings: Season 6: All Change","05/07/21"
"Vikings: Season 6: King of Kings","05/07/21"
"Vikings: Season 6: The Best Laid Plans","05/07/21"
"Vikings: Season 6: Resurrection","05/07/21"
"Vikings: Season 6: Valhalla Can Wait","04/07/21"
"Vikings: Season 6: The Ice Maiden","04/07/21"
"Vikings: Season 6: Death and the Serpent","04/07/21"
"Vikings: Season 6: The Key","04/07/21"
"Vikings: Season 6: All the Prisoners","04/07/21"
"Vikings: Season 6: Ghosts, Gods and Running Dogs","04/07/21"
"Vikings: Season 6: The Prophet","04/07/21"
"Vikings: Season 6: New Beginnings","04/07/21"
"Vikings: Season 5: Ragnarok","04/07/21"
"Vikings: Season 5: What Happens in the Cave","04/07/21"
"Vikings: Season 5: Baldur","04/07/21"
"Vikings: Season 5: The Most Terrible Thing","04/07/21"
"Vikings: Season 5: The Buddha","04/07/21"
"Vikings: Season 5: Hell","04/07/21"
"Vikings: Season 5: The Lost Moment","04/07/21"
"Vikings: Season 5: A New God","04/07/21"
"Vikings: Season 5: Murder Most Foul","04/07/21"
"Cursed: Nimue","04/07/21"
"Vikings: Season 5: The Revelation","04/07/21"
"Vikings: Season 5: The Message","04/07/21"
"Vikings: Season 5: Moments of Vision","03/07/21"
"Vikings: Season 5: A Simple Story","03/07/21"
"Vikings: Season 5: The Joke","03/07/21"
"Vikings: Season 5: Full Moon","03/07/21"
"300","01/07/21"
"300: Rise of an Empire","01/07/21"
"Too Hot to Handle: Season 2: C**kblocked by a Cone","01/07/21"
"Vikings: Season 5: The Prisoner","29/06/21"
"Vikings: Season 5: The Plan","29/06/21"
"Vikings: Season 5: Homeland","29/06/21"
"Vikings: Season 5: The Departed","29/06/21"
"Vikings: Season 5: The Fisher King","28/06/21"
"Vikings: Season 4: The Reckoning","28/06/21"
"Vikings: Season 4: On the Eve","28/06/21"
"Vikings: Season 4: Revenge","28/06/21"
"Vikings: Season 4: The Great Army","28/06/21"
"Vikings: Season 4: Crossing","28/06/21"
"Vikings: Season 4: All His Angels","28/06/21"
"Vikings: Season 4: In the Uncertain Hour Before the Morning","28/06/21"
"Vikings: Season 4: Two Journeys","28/06/21"
"Vikings: Season 4: The Vision","28/06/21"
"Vikings: Season 4: The Outsider","28/06/21"
"Vikings: Season 4: The Last Ship","28/06/21"
"Vikings: Season 4: Death All 'Round","28/06/21"
"Vikings: Season 4: Portage","28/06/21"
"Vikings: Season 4: The Profit and the Loss","28/06/21"
"Vikings: Season 4: What Might Have Been","27/06/21"
"Vikings: Season 4: Promised","27/06/21"
"Vikings: Season 4: Yol","27/06/21"
"Vikings: Season 4: Mercy","27/06/21"
"Vikings: Season 4: Kill the Queen","27/06/21"
"Vikings: Season 4: A Good Treason","27/06/21"
"Vikings: Season 3: The Dead","27/06/21"
"Vikings: Season 3: Breaking Point","27/06/21"
"Vikings: Season 3: To the Gates!","27/06/21"
"Vikings: Season 3: Paris","27/06/21"
"Vikings: Season 3: Born Again","27/06/21"
"Vikings: Season 3: The Usurper","27/06/21"
"Vikings: Season 3: Scarred","27/06/21"
"Vikings: Season 3: Warrior's Fate","27/06/21"
"Vikings: Season 3: The Wanderer","27/06/21"
"Vikings: Season 3: Mercenary","27/06/21"
"Vikings: Season 2: The Lord's Prayer","27/06/21"
"Vikings: Season 2: The Choice","27/06/21"
"Vikings: Season 2: Boneless","27/06/21"
"Vikings: Season 2: Blood Eagle","27/06/21"
"Vikings: Season 2: Unforgiven","27/06/21"
"Vikings: Season 2: Answers in Blood","27/06/21"
"Vikings: Season 2: Eye for an Eye","27/06/21"
"Vikings: Season 2: Treachery","27/06/21"
"Vikings: Season 2: Invasion","27/06/21"
"Vikings: Season 2: Brother's War","27/06/21"
"John Wick","25/06/21"
"Vikings: Season 1: All Change","25/06/21"
"Vikings: Season 1: Sacrifice","21/06/21"
"Vikings: Season 1: A King's Ransom","20/06/21"
"Vikings: Season 1: Burial of the Dead","20/06/21"
"Naruto: Season 1: Enter: Naruto Uzumaki!","20/06/21"
"Vikings: Season 1: Wrath of the Northmen","20/06/21"
"Vikings: Season 1: Rites of Passage","20/06/21"
"American Sniper","20/06/21"
"Marvel's Iron Fist: Season 2: The Fury of Iron Fist","20/06/21"
"Marvel's Iron Fist: Snow Gives Way","20/06/21"
"Phantom","20/06/21"
"Secret City: A Donation to the Struggle","20/06/21"
"Line of Duty: Season 4: Episode 1","19/06/21"
"Tears of the Sun","19/06/21"
"Bodyguard: Episode 6","19/06/21"
"Bodyguard: Episode 5","19/06/21"
"Bodyguard: Episode 4","19/06/21"
"Bodyguard: Episode 3","19/06/21"
"Bodyguard: Episode 2","19/06/21"
"Bodyguard: Episode 1","19/06/21"
"Lucy","16/06/21"
"The Curse of La Llorona","16/06/21"
"G.I. Joe: Retaliation","15/06/21"
"Mission: Impossible - Rogue Nation","12/06/21"
"Don Jon","10/06/21"
"American Pie Presents: The Naked Mile","10/06/21"
"Jaoon Kahan Bata Ae Dil","10/06/21"
"Nasha","10/06/21"
"Mostly Sunny","10/06/21"
"The Queen's Gambit: Limited Series: Openings","10/06/21"
"MILF","10/06/21"
